{
  "project_info": {
    "project_number": "616462855103",
    "project_id": "vton-yx1pe4",
    "storage_bucket": "vton-yx1pe4.firebasestorage.app"
  },
  "client": [
    {
      "client_info": {
        "mobilesdk_app_id": "1:616462855103:android:4d88e91ad7335d91a70f0a",
        "android_client_info": {
          "package_name": "com.mycompany.vton"
        }
      },
      "oauth_client": [],
      "api_key": [
        {
          "current_key": "AIzaSyDdDFNzUju8N5xi75eQZ7D_AZh3FJGGFCs"
        }
      ],
      "services": {
        "appinvite_service": {
          "other_platform_oauth_client": []
        }
      }
    },
    {
      "client_info": {
        "mobilesdk_app_id": "1:616462855103:android:fae0ad9dd67ac89ba70f0a",
        "android_client_info": {
          "package_name": "com.mycompany.vton2020"
        }
      },
      "oauth_client": [],
      "api_key": [
        {
          "current_key": "AIzaSyDdDFNzUju8N5xi75eQZ7D_AZh3FJGGFCs"
        }
      ],
      "services": {
        "appinvite_service": {
          "other_platform_oauth_client": []
        }
      }
    },
    {
      "client_info": {
        "mobilesdk_app_id": "1:616462855103:android:8e2db7afc9ec2e88a70f0a",
        "android_client_info": {
          "package_name": "com.mycompany.vton2025"
        }
      },
      "oauth_client": [],
      "api_key": [
        {
          "current_key": "AIzaSyDdDFNzUju8N5xi75eQZ7D_AZh3FJGGFCs"
        }
      ],
      "services": {
        "appinvite_service": {
          "other_platform_oauth_client": []
        }
      }
    }
  ],
  "configuration_version": "1"
}