{
  "indexes": [
    {
      "collectionGroup": "categories",
      "queryScope": "COLLECTION",
      "fields": [
        {
          "fieldPath": "category_name",
          "order": "ASCENDING"
        },
        {
          "fieldPath": "id",
          "order": "DESCENDING"
        }
      ]
    },
    {
      "collectionGroup": "categories",
      "queryScope": "COLLECTION",
      "fields": [
        {
          "fieldPath": "category_name",
          "order": "ASCENDING"
        },
        {
          "fieldPath": "id",
          "order": "ASCENDING"
        }
      ]
    },
    {
      "collectionGroup": "TryOn",
      "queryScope": "COLLECTION",
      "fields": [
        {
          "fieldPath": "user_id",
          "order": "ASCENDING"
        },
        {
          "fieldPath": "datetime",
          "order": "DESCENDING"
        }
      ]
    },
    {
      "collectionGroup": "categories",
      "queryScope": "COLLECTION",
      "fields": [
        {
          "fieldPath": "clothing_type",
          "order": "ASCENDING"
        },
        {
          "fieldPath": "colors",
          "order": "ASCENDING"
        },
        {
          "fieldPath": "id",
          "order": "ASCENDING"
        }
      ]
    }
  ]
}